{
 "var": [
  0,
  1,
  2,
  3,
  4
 ],
 "card": [
  2,
  2,
  3,
  2,
  2
 ],
 "val": [
  0.009888888888888888,
  0.025,
  0.0,
  0.001,
  0.06577777777777778,
  0.009444444444444445,
  0.0028888888888888888,
  0.0034444444444444444,
  0.12866666666666668,
  0.005555555555555556,
  0.024555555555555556,
  0.004333333333333333,
  0.11077777777777778,
  0.219,
  0.0014444444444444444,
  0.011888888888888888,
  0.09877777777777778,
  0.013888888888888888,
  0.005111111111111111,
  0.0034444444444444444,
  0.0012222222222222222,
  0.00011111111111111112,
  0.0,
  0.0,
  0.00044444444444444447,
  0.0015555555555555555,
  0.0007777777777777777,
  0.005666666666666667,
  0.0035555555555555557,
  0.0005555555555555556,
  0.014,
  0.010222222222222223,
  0.004666666666666667,
  0.0,
  0.086,
  0.017333333333333333,
  0.005,
  0.013,
  0.006111111111111111,
  0.04388888888888889,
  0.0047777777777777775,
  0.0005555555555555556,
  0.018444444444444444,
  0.016444444444444446,
  0.0,
  0.0,
  0.00044444444444444447,
  0.0003333333333333333
 ]
}