{
 "var": [
  0,
  1,
  3,
  4
 ],
 "card": [
  2,
  2,
  2,
  2
 ],
 "val": [
  0.24344444444444444,
  0.03333333333333333,
  0.01411111111111111,
  0.010333333333333333,
  0.35488888888888886,
  0.049444444444444444,
  0.01877777777777778,
  0.01711111111111111,
  0.013444444444444445,
  0.0015555555555555555,
  0.05,
  0.04,
  0.016666666666666666,
  0.002,
  0.07522222222222222,
  0.059666666666666666
 ]
}