{
 "var": [
  0,
  1,
  2,
  3,
  4,
  5,
  6,
  7,
  8,
  9
 ],
 "card": [
  2,
  2,
  2,
  2,
  2,
  2,
  2,
  2,
  2,
  2
 ],
 "val": [
  0.0,
  0.0,
  0.0,
  0.0,
  0.0,
  0.00022222222222222223,
  0.0,
  0.0,
  0.0,
  0.0008888888888888889,
  0.00022222222222222223,
  0.0003333333333333333,
  0.0,
  0.00022222222222222223,
  0.00011111111111111112,
  0.0005555555555555556,
  0.0,
  0.0,
  0.0,
  0.00011111111111111112,
  0.00011111111111111112,
  0.0006666666666666666,
  0.00011111111111111112,
  0.0007777777777777777,
  0.00011111111111111112,
  0.0006666666666666666,
  0.0005555555555555556,
  0.001,
  0.00022222222222222223,
  0.0006666666666666666,
  0.00022222222222222223,
  0.0014444444444444444,
  0.0,
  0.0,
  0.00011111111111111112,
  0.0,
  0.0,
  0.00011111111111111112,
  0.0,
  0.0,
  0.0,
  0.00011111111111111112,
  0.0,
  0.00011111111111111112,
  0.0,
  0.0,
  0.0,
  0.0,
  0.0,
  0.0,
  0.00011111111111111112,
  0.00022222222222222223,
  0.00022222222222222223,
  0.0011111111111111111,
  0.0,
  0.00044444444444444447,
  0.0,
  0.0,
  0.00011111111111111112,
  0.00011111111111111112,
  0.0,
  0.00022222222222222223,
  0.00011111111111111112,
  0.00011111111111111112,
  0.0,
  0.00011111111111111112,
  0.00022222222222222223,
  0.0008888888888888889,
  0.0,
  0.0013333333333333333,
  0.0,
  0.00044444444444444447,
  0.0003333333333333333,
  0.0012222222222222222,
  0.0011111111111111111,
  0.0013333333333333333,
  0.0,
  0.0005555555555555556,
  0.0003333333333333333,
  0.001,
  0.0,
  0.00011111111111111112,
  0.0006666666666666666,
  0.0003333333333333333,
  0.0008888888888888889,
  0.008333333333333333,
  0.0011111111111111111,
  0.0036666666666666666,
  0.001,
  0.0028888888888888888,
  0.0007777777777777777,
  0.0014444444444444444,
  0.00011111111111111112,
  0.0016666666666666668,
  0.0013333333333333333,
  0.007,
  0.0,
  0.0,
  0.0005555555555555556,
  0.0006666666666666666,
  0.00011111111111111112,
  0.0025555555555555557,
  0.00022222222222222223,
  0.0006666666666666666,
  0.00011111111111111112,
  0.0003333333333333333,
  0.0,
  0.00022222222222222223,
  0.0,
  0.0,
  0.00011111111111111112,
  0.0,
  0.00022222222222222223,
  0.0003333333333333333,
  0.0006666666666666666,
  0.0011111111111111111,
  0.0011111111111111111,
  0.011555555555555555,
  0.0015555555555555555,
  0.0038888888888888888,
  0.0003333333333333333,
  0.0003333333333333333,
  0.00022222222222222223,
  0.0003333333333333333,
  0.00011111111111111112,
  0.0003333333333333333,
  0.00022222222222222223,
  0.0007777777777777777,
  0.0,
  0.0,
  0.0,
  0.0,
  0.0,
  0.0,
  0.0,
  0.00011111111111111112,
  0.0,
  0.0003333333333333333,
  0.00022222222222222223,
  0.00022222222222222223,
  0.0,
  0.00011111111111111112,
  0.0,
  0.00022222222222222223,
  0.0,
  0.00011111111111111112,
  0.0,
  0.00011111111111111112,
  0.00011111111111111112,
  0.0013333333333333333,
  0.00022222222222222223,
  0.0013333333333333333,
  0.0005555555555555556,
  0.0012222222222222222,
  0.0014444444444444444,
  0.0012222222222222222,
  0.00011111111111111112,
  0.0017777777777777779,
  0.0008888888888888889,
  0.0047777777777777775,
  0.0,
  0.0,
  0.0,
  0.00011111111111111112,
  0.0,
  0.00022222222222222223,
  0.0,
  0.00011111111111111112,
  0.0,
  0.00011111111111111112,
  0.0,
  0.0,
  0.0,
  0.0,
  0.0,
  0.0,
  0.0,
  0.00011111111111111112,
  0.00044444444444444447,
  0.00011111111111111112,
  0.00022222222222222223,
  0.0025555555555555557,
  0.00011111111111111112,
  0.001,
  0.0,
  0.0,
  0.00022222222222222223,
  0.00022222222222222223,
  0.00011111111111111112,
  0.00011111111111111112,
  0.0005555555555555556,
  0.00044444444444444447,
  0.0,
  0.00011111111111111112,
  0.00011111111111111112,
  0.00044444444444444447,
  0.00011111111111111112,
  0.0008888888888888889,
  0.0003333333333333333,
  0.001,
  0.00044444444444444447,
  0.0013333333333333333,
  0.0007777777777777777,
  0.0005555555555555556,
  0.0,
  0.00044444444444444447,
  0.00044444444444444447,
  0.0017777777777777779,
  0.00011111111111111112,
  0.0005555555555555556,
  0.0008888888888888889,
  0.00044444444444444447,
  0.0017777777777777779,
  0.01633333333333333,
  0.001888888888888889,
  0.009,
  0.002,
  0.0044444444444444444,
  0.0035555555555555557,
  0.0038888888888888888,
  0.0006666666666666666,
  0.005222222222222222,
  0.0035555555555555557,
  0.014222222222222223,
  0.00022222222222222223,
  0.0,
  0.00044444444444444447,
  0.00044444444444444447,
  0.00022222222222222223,
  0.002111111111111111,
  0.00011111111111111112,
  0.0011111111111111111,
  0.00011111111111111112,
  0.00022222222222222223,
  0.00022222222222222223,
  0.00011111111111111112,
  0.0,
  0.0,
  0.0,
  0.00022222222222222223,
  0.00022222222222222223,
  0.0005555555555555556,
  0.0013333333333333333,
  0.0006666666666666666,
  0.0017777777777777779,
  0.021,
  0.0024444444444444444,
  0.011444444444444445,
  0.00011111111111111112,
  0.00022222222222222223,
  0.00011111111111111112,
  0.00044444444444444447,
  0.00011111111111111112,
  0.0003333333333333333,
  0.00011111111111111112,
  0.0013333333333333333,
  0.0,
  0.0,
  0.0,
  0.0,
  0.0,
  0.0,
  0.0,
  0.0,
  0.0,
  0.0,
  0.00011111111111111112,
  0.00011111111111111112,
  0.0,
  0.0,
  0.0,
  0.0,
  0.0,
  0.0,
  0.00022222222222222223,
  0.00022222222222222223,
  0.0003333333333333333,
  0.0026666666666666666,
  0.0003333333333333333,
  0.00044444444444444447,
  0.00044444444444444447,
  0.0024444444444444444,
  0.0023333333333333335,
  0.0022222222222222222,
  0.00022222222222222223,
  0.0025555555555555557,
  0.001888888888888889,
  0.008888888888888889,
  0.0,
  0.0,
  0.0,
  0.0,
  0.0,
  0.00011111111111111112,
  0.0,
  0.0,
  0.0,
  0.0,
  0.0,
  0.0,
  0.0,
  0.0,
  0.0,
  0.0,
  0.0,
  0.00011111111111111112,
  0.0003333333333333333,
  0.00011111111111111112,
  0.00044444444444444447,
  0.003,
  0.0003333333333333333,
  0.0026666666666666666,
  0.0003333333333333333,
  0.0005555555555555556,
  0.00022222222222222223,
  0.00044444444444444447,
  0.0,
  0.0,
  0.00011111111111111112,
  0.001888888888888889,
  0.0,
  0.0,
  0.00011111111111111112,
  0.0,
  0.0,
  0.0,
  0.0,
  0.0,
  0.0,
  0.0,
  0.00011111111111111112,
  0.0,
  0.0,
  0.0,
  0.0,
  0.0,
  0.0,
  0.00022222222222222223,
  0.0,
  0.0005555555555555556,
  0.00044444444444444447,
  0.007222222222222222,
  0.0005555555555555556,
  0.0023333333333333335,
  0.0006666666666666666,
  0.0015555555555555555,
  0.0013333333333333333,
  0.0005555555555555556,
  0.00011111111111111112,
  0.0022222222222222222,
  0.001888888888888889,
  0.004222222222222222,
  0.0,
  0.00011111111111111112,
  0.0,
  0.0,
  0.0,
  0.0,
  0.0,
  0.0,
  0.0,
  0.0,
  0.0,
  0.0,
  0.0,
  0.0,
  0.0,
  0.0,
  0.00011111111111111112,
  0.00022222222222222223,
  0.0003333333333333333,
  0.00044444444444444447,
  0.0006666666666666666,
  0.0067777777777777775,
  0.00044444444444444447,
  0.004222222222222222,
  0.00011111111111111112,
  0.0003333333333333333,
  0.00022222222222222223,
  0.0,
  0.0,
  0.00011111111111111112,
  0.0,
  0.00022222222222222223,
  0.00011111111111111112,
  0.0,
  0.00011111111111111112,
  0.00022222222222222223,
  0.00022222222222222223,
  0.001,
  0.0,
  0.0005555555555555556,
  0.0008888888888888889,
  0.0016666666666666668,
  0.0011111111111111111,
  0.0017777777777777779,
  0.0,
  0.0006666666666666666,
  0.0008888888888888889,
  0.0023333333333333335,
  0.0,
  0.0,
  0.00022222222222222223,
  0.00044444444444444447,
  0.0,
  0.004,
  0.00011111111111111112,
  0.0007777777777777777,
  0.0014444444444444444,
  0.0036666666666666666,
  0.0017777777777777779,
  0.002,
  0.00022222222222222223,
  0.004222222222222222,
  0.002111111111111111,
  0.008555555555555556,
  0.0,
  0.0,
  0.00011111111111111112,
  0.00011111111111111112,
  0.0,
  0.0011111111111111111,
  0.00044444444444444447,
  0.00011111111111111112,
  0.0,
  0.00011111111111111112,
  0.0,
  0.0,
  0.0,
