{
 "0": {
  "bias": -0.045256707490195384,
  "variance": 0.9742344563121542
 }
}