{
 "0": {
  "bias": 0.0015767005081253399,
  "variance": 0.9946864529156189
 }
}