{
 "0": {
  "bias": -0.0047246815149741776,
  "variance": 0.8977955190621965
 },
 "1": {
  "bias": 0.28892301594603154,
  "variance": 0.09855837347633398,
  "0": 0.49435455945429196
 },
 "2": {
  "bias": 0.26132900381605717,
  "variance": 1.4093760292889548,
  "0": -0.49568402590248045,
  "1": 0.7503921753237118
 }
}