{
 "0": {
  "bias": -0.002001361888785093,
  "variance": 0.9974877408077156
 },
 "1": {
  "bias": 0.3016807769192893,
  "variance": 0.0999585102189341,
  "0": 0.5007563285952891
 },
 "2": {
  "bias": 0.3009872805903106,
  "variance": 1.4939431801634768,
  "0": -0.5053310270807004,
  "1": 0.8015230035544876
 }
}