{
 "var": [
  0,
  1,
  2,
  3,
  4
 ],
 "card": [
  2,
  2,
  3,
  2,
  2
 ],
 "val": [
  0.010899999999999977,
  0.022899999999999893,
  9.99999999999999e-05,
  0.0012999999999999989,
  0.06680000000000082,
  0.008299999999999997,
  0.004599999999999994,
  0.003799999999999993,
  0.12220000000000233,
  0.004899999999999995,
  0.022099999999999898,
  0.005099999999999994,
  0.10800000000000194,
  0.21529999999999236,
  0.001399999999999999,
  0.010699999999999979,
  0.09310000000000154,
  0.012499999999999966,
  0.004999999999999995,
  0.004499999999999994,
  0.0005999999999999994,
  9.99999999999999e-05,
  0.0004999999999999995,
  9.99999999999999e-05,
  0.0006999999999999993,
  0.001199999999999999,
  0.0007999999999999993,
  0.005599999999999996,
  0.002799999999999996,
  0.0004999999999999995,
  0.01619999999999994,
  0.010699999999999979,
  0.004599999999999994,
  0.0001999999999999998,
  0.09750000000000165,
  0.019299999999999918,
  0.005499999999999995,
  0.010299999999999981,
  0.007999999999999998,
  0.043700000000000176,
  0.005299999999999995,
  0.0007999999999999993,
  0.0218999999999999,
  0.018499999999999923,
  0.0,
  0.0,
  0.0009999999999999992,
  9.99999999999999e-05
 ]
}