{
 "var": [
  0,
  1,
  2,
  3,
  4
 ],
 "card": [
  2,
  2,
  3,
  2,
  2
 ],
 "val": [
  0.011699999999999985,
  0.024999999999999904,
  0.0002,
  0.0010000000000000002,
  0.05970000000000068,
  0.009699999999999997,
  0.0037999999999999974,
  0.0030999999999999986,
  0.11500000000000227,
  0.004699999999999999,
  0.02749999999999989,
  0.005700000000000002,
  0.10410000000000195,
  0.2217999999999919,
  0.0013000000000000004,
  0.01239999999999998,
  0.09830000000000179,
  0.013199999999999976,
  0.005500000000000001,
  0.0036999999999999976,
  0.0009000000000000002,
  0.0,
  0.0001,
  0.0,
  0.0007000000000000001,
  0.0017000000000000006,
  0.0004,
  0.005400000000000001,
  0.0024999999999999996,
  0.0002,
  0.015199999999999964,
  0.011699999999999985,
  0.006500000000000004,
  0.0006000000000000001,
  0.09620000000000173,
  0.017899999999999947,
  0.005500000000000001,
  0.010599999999999991,
  0.007100000000000006,
  0.04050000000000013,
  0.005700000000000002,
  0.0004,
  0.021599999999999925,
  0.019699999999999936,
  0.0002,
  0.0,
  0.0013000000000000004,
  0.0
 ]
}