{
 "var": [
  0,
  1,
  2,
  3,
  4
 ],
 "card": [
  2,
  2,
  3,
  2,
  2
 ],
 "val": [
  0.009999999999999995,
  0.023399999999999994,
  0.0002999999999999999,
  0.0008999999999999997,
  0.06229999999999999,
  0.010799999999999995,
  0.0047,
  0.0030999999999999977,
  0.12119999999999997,
  0.004999999999999999,
  0.024199999999999996,
  0.005099999999999999,
  0.10909999999999999,
  0.20909999999999998,
  0.0024999999999999988,
  0.011499999999999996,
  0.09629999999999998,
  0.011899999999999994,
  0.0048,
  0.003699999999999998,
  0.0008999999999999997,
  0.0,
  9.999999999999995e-05,
  0.0,
  0.0007999999999999997,
  0.0014999999999999996,
  0.0004999999999999999,
  0.005799999999999999,
  0.004199999999999999,
  0.0002999999999999999,
  0.014499999999999996,
  0.011699999999999995,
  0.007599999999999999,
  0.0005999999999999998,
  0.09579999999999998,
  0.017799999999999996,
  0.006499999999999999,
  0.012499999999999995,
  0.007199999999999998,
  0.04539999999999999,
  0.005599999999999998,
  0.0004999999999999998,
  0.021099999999999994,
  0.017599999999999998,
  0.0001999999999999999,
  0.0,
  0.0011999999999999997,
  0.0001999999999999999
 ]
}