{
 "var": [
  0,
  1,
  3,
  4
 ],
 "card": [
  2,
  2,
  2,
  2
 ],
 "val": [
  0.23628504109385107,
  0.03167288176471663,
  0.01317229735997484,
  0.009016530305560268,
  0.35724754642771483,
  0.050403517559970364,
  0.02142817387432522,
  0.014582289753436948,
  0.012615721415187197,
  0.0016919908721545198,
  0.05074117363314304,
  0.041854511048032755,
  0.015732546705998152,
  0.002166935678373334,
  0.07615814177844639,
  0.06523070072911444
 ]
}