{
 "var": [
  0,
  1,
  3,
  4
 ],
 "card": [
  2,
  2,
  2,
  2
 ],
 "val": [
  0.23486589333970506,
  0.031384083681085535,
  0.011765354707061283,
  0.010809419637112514,
  0.35913745243303496,
  0.04682611173410291,
  0.019578285567219175,
  0.016655330257183562,
  0.01455962644998832,
  0.0015000827251503133,
  0.04926742283581849,
  0.04334797874882909,
  0.01455962644998832,
  0.0027942717429270485,
  0.07886464327076845,
  0.06408441642002506
 ]
}