{
 "var": [
  0,
  1,
  3,
  4
 ],
 "card": [
  2,
  2,
  2,
  2
 ],
 "val": [
  0.2319738808034974,
  0.03131352258683341,
  0.014387692988766531,
  0.010956781583752974,
  0.3486986516149262,
  0.04728017265231586,
  0.02102816667588955,
  0.01571578772619113,
  0.013280947374246028,
  0.0014756608193606702,
  0.051648128677623445,
  0.04592994300260085,
  0.01844576024200837,
  0.002272517661815432,
  0.0799623706491063,
  0.0656300149410658
 ]
}