{
 "var": [
  0,
  1,
  2,
  3,
  4,
  5,
  6,
  7,
  8,
  9
 ],
 "card": [
  2,
  2,
  2,
  2,
  2,
  2,
  2,
  2,
  2,
  2
 ],
 "val": [
  0.00010000000000000007,
  0.0,
  0.0,
  0.0,
  0.0,
  0.00010000000000000007,
  0.0,
  0.0,
  0.0,
  0.00010000000000000007,
  0.0004000000000000003,
  0.0008000000000000007,
  0.0,
  0.00010000000000000007,
  0.0,
  0.00010000000000000007,
  0.0,
  0.00010000000000000007,
  0.00020000000000000015,
  0.0,
  0.0,
  0.001100000000000001,
  0.00010000000000000007,
  0.00030000000000000024,
  0.00020000000000000015,
  0.0006000000000000005,
  0.001100000000000001,
  0.0006000000000000005,
  0.0,
  0.0009000000000000008,
  0.0009000000000000008,
  0.0024000000000000015,
  0.0,
  0.0,
  0.0,
  0.0,
  0.0,
  0.00010000000000000007,
  0.0,
  0.0,
  0.0,
  0.00010000000000000007,
  0.0,
  0.0,
  0.0,
  0.0,
  0.0,
  0.0,
  0.0,
  0.0,
  0.0,
  0.00010000000000000007,
  0.00020000000000000015,
  0.0009000000000000008,
  0.00020000000000000015,
  0.0007000000000000005,
  0.0,
  0.0,
  0.00010000000000000007,
  0.0,
  0.00010000000000000007,
  0.00020000000000000015,
  0.00020000000000000015,
  0.00010000000000000007,
  0.0,
  0.0,
  0.0004000000000000003,
  0.0005000000000000003,
  0.00020000000000000015,
  0.001800000000000002,
  0.00010000000000000007,
  0.00020000000000000015,
  0.0004000000000000003,
  0.0012000000000000012,
  0.0009000000000000008,
  0.0006000000000000005,
  0.0,
  0.00030000000000000024,
  0.00010000000000000007,
  0.001100000000000001,
  0.0,
  0.00030000000000000024,
  0.0004000000000000003,
  0.00030000000000000024,
  0.001100000000000001,
  0.007800000000000013,
  0.0007000000000000005,
  0.004200000000000001,
  0.0005000000000000003,
  0.002700000000000001,
  0.0010000000000000009,
  0.0016000000000000016,
  0.00010000000000000007,
  0.0025000000000000014,
  0.0016000000000000016,
  0.006500000000000008,
  0.0,
  0.00010000000000000007,
  0.00030000000000000024,
  0.0005000000000000003,
  0.00010000000000000007,
  0.0009000000000000008,
  0.0,
  0.0009000000000000008,
  0.0,
  0.00010000000000000007,
  0.00010000000000000007,
  0.00030000000000000024,
  0.0,
  0.00010000000000000007,
  0.0,
  0.0,
  0.00010000000000000007,
  0.00030000000000000024,
  0.0007000000000000005,
  0.0005000000000000003,
  0.0012000000000000012,
  0.009300000000000006,
  0.0007000000000000005,
  0.004700000000000003,
  0.0,
  0.00020000000000000015,
  0.00020000000000000015,
  0.00010000000000000007,
  0.0,
  0.0,
  0.00020000000000000015,
  0.0007000000000000005,
  0.0,
  0.0,
  0.0,
  0.00010000000000000007,
  0.0,
  0.0,
  0.0,
  0.0,
  0.00030000000000000024,
  0.0006000000000000005,
  0.0005000000000000003,
  0.00010000000000000007,
  0.0,
  0.0,
  0.00010000000000000007,
  0.00030000000000000024,
  0.0,
  0.00010000000000000007,
  0.00020000000000000015,
  0.00010000000000000007,
  0.00010000000000000007,
  0.0022000000000000014,
  0.00010000000000000007,
  0.0012000000000000012,
  0.0010000000000000009,
  0.0014000000000000013,
  0.0007000000000000005,
  0.0013000000000000012,
  0.00010000000000000007,
  0.0016000000000000016,
  0.0008000000000000007,
  0.004700000000000003,
  0.0,
  0.0,
  0.00010000000000000007,
  0.0,
  0.0,
  0.0,
  0.0,
  0.00010000000000000007,
  0.0,
  0.0,
  0.00010000000000000007,
  0.0,
  0.0,
  0.0,
  0.0,
  0.0,
  0.0,
  0.00010000000000000007,
  0.00020000000000000015,
  0.0005000000000000003,
  0.0,
  0.001100000000000001,
  0.00020000000000000015,
  0.0006000000000000005,
  0.0,
  0.0,
  0.00010000000000000007,
  0.00010000000000000007,
  0.0,
  0.00010000000000000007,
  0.00010000000000000007,
  0.0008000000000000007,
  0.00010000000000000007,
  0.00020000000000000015,
  0.00020000000000000015,
  0.00020000000000000015,
  0.00020000000000000015,
  0.0017000000000000016,
  0.0,
  0.0008000000000000007,
  0.0004000000000000003,
  0.0015000000000000015,
  0.0012000000000000012,
  0.0010000000000000009,
  0.00010000000000000007,
  0.0004000000000000003,
  0.00030000000000000024,
  0.0012000000000000012,
  0.00030000000000000024,
  0.0007000000000000005,
  0.001100000000000001,
  0.0014000000000000013,
  0.0021000000000000016,
  0.01579999999999997,
  0.001900000000000002,
  0.009100000000000006,
  0.001900000000000002,
  0.004400000000000001,
  0.0031000000000000008,
  0.0032000000000000006,
  0.00020000000000000015,
  0.0046000000000000025,
  0.002800000000000001,
  0.01569999999999997,
  0.0,
  0.00010000000000000007,
  0.00010000000000000007,
  0.0007000000000000005,
  0.0,
  0.001100000000000001,
  0.00020000000000000015,
  0.0012000000000000012,
  0.00010000000000000007,
  0.0,
  0.00020000000000000015,
  0.0,
  0.0,
  0.00010000000000000007,
  0.0,
  0.00010000000000000007,
  0.0005000000000000003,
  0.00020000000000000015,
  0.0009000000000000008,
  0.0022000000000000014,
  0.0016000000000000016,
  0.020999999999999942,
  0.002800000000000001,
  0.009100000000000006,
  0.00010000000000000007,
  0.00030000000000000024,
  0.00020000000000000015,
  0.00030000000000000024,
  0.0,
  0.00020000000000000015,
  0.00030000000000000024,
  0.0013000000000000012,
  0.0,
  0.0,
  0.0,
  0.0,
  0.0,
  0.00010000000000000007,
  0.0,
  0.0,
  0.0,
  0.00010000000000000007,
  0.0,
  0.00010000000000000007,
  0.0,
  0.0,
  0.00010000000000000007,
  0.00020000000000000015,
  0.0,
  0.0,
  0.0004000000000000003,
  0.0,
  0.00030000000000000024,
  0.0029000000000000007,
  0.0005000000000000003,
  0.0013000000000000012,
  0.0007000000000000005,
  0.0029000000000000007,
  0.0015000000000000015,
  0.0023000000000000017,
  0.0005000000000000003,
  0.003000000000000001,
  0.0021000000000000016,
  0.009400000000000006,
  0.0,
  0.0,
  0.0,
  0.0,
  0.0,
  0.0,
  0.0,
  0.0,
  0.0,
  0.0,
  0.0,
  0.0,
  0.0,
  0.0,
  0.0,
  0.0,
  0.0,
  0.0,
  0.00030000000000000024,
  0.00030000000000000024,
  0.0004000000000000003,
  0.0017000000000000016,
  0.0004000000000000003,
  0.002700000000000001,
  0.00030000000000000024,
  0.00030000000000000024,
  0.0004000000000000003,
  0.00030000000000000024,
  0.0,
  0.0005000000000000003,
  0.00020000000000000015,
  0.0010000000000000009,
  0.0,
  0.0,
  0.0,
  0.0,
  0.0,
  0.0,
  0.0,
  0.0,
  0.0,
  0.0,
  0.0,
  0.00010000000000000007,
  0.0,
  0.00010000000000000007,
  0.00010000000000000007,
  0.0,
  0.0,
  0.00010000000000000007,
  0.0004000000000000003,
  0.00030000000000000024,
  0.0005000000000000003,
  0.005900000000000007,
  0.0007000000000000005,
  0.002700000000000001,
  0.0005000000000000003,
  0.001900000000000002,
  0.0014000000000000013,
  0.0008000000000000007,
  0.00010000000000000007,
  0.001800000000000002,
  0.0010000000000000009,
  0.0041,
  0.0,
  0.0,
  0.0,
  0.0,
  0.0,
  0.0,
  0.0,
  0.0,
  0.0,
  0.0,
  0.0,
  0.0,
  0.0,
  0.0,
  0.0,
  0.0,
  0.0,
  0.00030000000000000024,
  0.0004000000000000003,
  0.00030000000000000024,
  0.0006000000000000005,
  0.006400000000000008,
  0.0007000000000000005,
  0.0039,
  0.00020000000000000015,
  0.0,
  0.00020000000000000015,
  0.00030000000000000024,
  0.0,
  0.00020000000000000015,
  0.0,
  0.0004000000000000003,
  0.0,
  0.00010000000000000007,
  0.00020000000000000015,
  0.00030000000000000024,
  0.0,
  0.0007000000000000005,
  0.00010000000000000007,
  0.00020000000000000015,
  0.0009000000000000008,
  0.0023000000000000017,
  0.0016000000000000016,
  0.0009000000000000008,
  0.00010000000000000007,
  0.0012000000000000012,
  0.00020000000000000015,
  0.0021000000000000016,
  0.0,
  0.0,
  0.00030000000000000024,
  0.00010000000000000007,
  0.0004000000000000003,
  0.0034000000000000002,
  0.00010000000000000007,
  0.0017000000000000016,
  0.0014000000000000013,
  0.0032000000000000006,
  0.0020000000000000018,
  0.0025000000000000014,
  0.0004000000000000003,
  0.0039,
  0.002800000000000001,
  0.0103,
  0.0,
  0.0,
  0.00020000000000000015,
  0.00010000000000000007,
  0.0,
  0.0006000000000000005,
  0.00010000000000000007,
  0.00030000000000000024,
  0.00010000000000000007,
