{
 "var": [
  0,
  1,
  2,
  3,
  4,
  5,
  6,
  7,
  8,
  9
 ],
 "card": [
  2,
  2,
  2,
  2,
  2,
  2,
  2,
  2,
  2,
  2
 ],
 "val": [
  0.0,
  0.0,
  0.0,
  0.0,
  0.0,
  0.00010000000000000007,
  0.0,
  0.0,
  0.00010000000000000007,
  0.00020000000000000015,
  0.0004000000000000003,
  0.0005000000000000003,
  0.0,
  0.00020000000000000015,
  0.00020000000000000015,
  0.0004000000000000003,
  0.0,
  0.00010000000000000007,
  0.00010000000000000007,
  0.0,
  0.0,
  0.0006000000000000005,
  0.00010000000000000007,
  0.00020000000000000015,
  0.00020000000000000015,
  0.0009000000000000008,
  0.0005000000000000003,
  0.00030000000000000024,
  0.0,
  0.0007000000000000005,
  0.0004000000000000003,
  0.001900000000000002,
  0.0,
  0.0,
  0.0,
  0.0,
  0.0,
  0.00020000000000000015,
  0.0,
  0.00030000000000000024,
  0.0,
  0.0,
  0.0,
  0.00020000000000000015,
  0.0,
  0.0,
  0.0,
  0.00010000000000000007,
  0.0,
  0.00010000000000000007,
  0.0,
  0.0,
  0.0,
  0.001100000000000001,
  0.0,
  0.00020000000000000015,
  0.0,
  0.0,
  0.0,
  0.00010000000000000007,
  0.0,
  0.0,
  0.0,
  0.00030000000000000024,
  0.0,
  0.00030000000000000024,
  0.0,
  0.0004000000000000003,
  0.00010000000000000007,
  0.0008000000000000007,
  0.00020000000000000015,
  0.0008000000000000007,
  0.00030000000000000024,
  0.0008000000000000007,
  0.0010000000000000009,
  0.0010000000000000009,
  0.0,
  0.0006000000000000005,
  0.00030000000000000024,
  0.0010000000000000009,
  0.0,
  0.00010000000000000007,
  0.0004000000000000003,
  0.00030000000000000024,
  0.0012000000000000012,
  0.008900000000000007,
  0.0015000000000000015,
  0.0041,
  0.0007000000000000005,
  0.0022000000000000014,
  0.0009000000000000008,
  0.0017000000000000016,
  0.00020000000000000015,
  0.0017000000000000016,
  0.001100000000000001,
  0.006600000000000009,
  0.00020000000000000015,
  0.00010000000000000007,
  0.00030000000000000024,
  0.00010000000000000007,
  0.00010000000000000007,
  0.0017000000000000016,
  0.00010000000000000007,
  0.0005000000000000003,
  0.00010000000000000007,
  0.00010000000000000007,
  0.0,
  0.00010000000000000007,
  0.0,
  0.0,
  0.0,
  0.0,
  0.00020000000000000015,
  0.0004000000000000003,
  0.001100000000000001,
  0.0006000000000000005,
  0.0010000000000000009,
  0.010499999999999999,
  0.0008000000000000007,
  0.004300000000000001,
  0.00010000000000000007,
  0.00020000000000000015,
  0.0,
  0.00010000000000000007,
  0.0,
  0.00030000000000000024,
  0.00010000000000000007,
  0.0005000000000000003,
  0.0,
  0.0,
  0.0,
  0.0,
  0.0,
  0.00010000000000000007,
  0.0,
  0.00010000000000000007,
  0.0005000000000000003,
  0.0005000000000000003,
  0.0005000000000000003,
  0.00030000000000000024,
  0.0,
  0.0,
  0.0,
  0.0006000000000000005,
  0.0,
  0.00010000000000000007,
  0.00010000000000000007,
  0.0,
  0.00010000000000000007,
  0.0016000000000000016,
  0.0005000000000000003,
  0.0007000000000000005,
  0.0008000000000000007,
  0.0014000000000000013,
  0.0013000000000000012,
  0.0008000000000000007,
  0.00010000000000000007,
  0.0016000000000000016,
  0.0009000000000000008,
  0.004800000000000003,
  0.0,
  0.0,
  0.0,
  0.00010000000000000007,
  0.0,
  0.00010000000000000007,
  0.00010000000000000007,
  0.0,
  0.0,
  0.00010000000000000007,
  0.0,
  0.00010000000000000007,
  0.0,
  0.0,
  0.0,
  0.0,
  0.0,
  0.00010000000000000007,
  0.00010000000000000007,
  0.00030000000000000024,
  0.0,
  0.001900000000000002,
  0.00020000000000000015,
  0.0012000000000000012,
  0.0,
  0.00030000000000000024,
  0.00020000000000000015,
  0.00010000000000000007,
  0.0,
  0.0,
  0.00020000000000000015,
  0.0005000000000000003,
  0.0,
  0.00030000000000000024,
  0.0005000000000000003,
  0.0004000000000000003,
  0.00020000000000000015,
  0.0017000000000000016,
  0.0005000000000000003,
  0.00010000000000000007,
  0.0006000000000000005,
  0.0013000000000000012,
  0.0015000000000000015,
  0.0013000000000000012,
  0.0,
  0.0010000000000000009,
  0.0005000000000000003,
  0.0009000000000000008,
  0.00010000000000000007,
  0.0007000000000000005,
  0.0013000000000000012,
  0.0012000000000000012,
  0.0017000000000000016,
  0.016699999999999965,
  0.0017000000000000016,
  0.007800000000000013,
  0.0016000000000000016,
  0.004,
  0.002800000000000001,
  0.0031000000000000008,
  0.00010000000000000007,
  0.006300000000000008,
  0.0029000000000000007,
  0.016299999999999967,
  0.00010000000000000007,
  0.0,
  0.0005000000000000003,
  0.00020000000000000015,
  0.00010000000000000007,
  0.001800000000000002,
  0.00010000000000000007,
  0.0013000000000000012,
  0.00010000000000000007,
  0.00020000000000000015,
  0.00020000000000000015,
  0.0,
  0.0,
  0.00010000000000000007,
  0.0,
  0.0004000000000000003,
  0.00020000000000000015,
  0.00030000000000000024,
  0.001100000000000001,
  0.0016000000000000016,
  0.001800000000000002,
  0.01949999999999995,
  0.002600000000000001,
  0.011299999999999994,
  0.00020000000000000015,
  0.0004000000000000003,
  0.0004000000000000003,
  0.0004000000000000003,
  0.0,
  0.00030000000000000024,
  0.00020000000000000015,
  0.0013000000000000012,
  0.0,
  0.0,
  0.0,
  0.0,
  0.0,
  0.0,
  0.0,
  0.0,
  0.0,
  0.0,
  0.0,
  0.0,
  0.0,
  0.0,
  0.0,
  0.00010000000000000007,
  0.0,
  0.00020000000000000015,
  0.00020000000000000015,
  0.00020000000000000015,
  0.00030000000000000024,
  0.0034000000000000002,
  0.0006000000000000005,
  0.001100000000000001,
  0.0006000000000000005,
  0.0016000000000000016,
  0.0020000000000000018,
  0.001900000000000002,
  0.0,
  0.002600000000000001,
  0.001100000000000001,
  0.009900000000000003,
  0.0,
  0.0,
  0.0,
  0.00010000000000000007,
  0.0,
  0.0,
  0.0,
  0.0,
  0.0,
  0.0,
  0.0,
  0.0,
  0.0,
  0.0,
  0.0,
  0.0,
  0.0,
  0.0,
  0.00010000000000000007,
  0.00030000000000000024,
  0.0005000000000000003,
  0.0034000000000000002,
  0.0004000000000000003,
  0.0015000000000000015,
  0.0,
  0.00030000000000000024,
  0.00010000000000000007,
  0.00010000000000000007,
  0.00010000000000000007,
  0.00020000000000000015,
  0.00020000000000000015,
  0.001100000000000001,
  0.0,
  0.0,
  0.0,
  0.0,
  0.0,
  0.0,
  0.0,
  0.0,
  0.0,
  0.00010000000000000007,
  0.0,
  0.0,
  0.0,
  0.0,
  0.00010000000000000007,
  0.00010000000000000007,
  0.0,
  0.00010000000000000007,
  0.0004000000000000003,
  0.0004000000000000003,
  0.0009000000000000008,
  0.00700000000000001,
  0.0006000000000000005,
  0.001800000000000002,
  0.00010000000000000007,
  0.001900000000000002,
  0.0012000000000000012,
  0.0010000000000000009,
  0.00020000000000000015,
  0.001900000000000002,
  0.0005000000000000003,
  0.004800000000000003,
  0.0,
  0.0,
  0.0,
  0.0,
  0.0,
  0.00020000000000000015,
  0.0,
  0.00020000000000000015,
  0.0,
  0.0,
  0.0,
  0.0,
  0.0,
  0.0,
  0.0,
  0.0,
  0.00010000000000000007,
  0.0,
  0.0006000000000000005,
  0.0004000000000000003,
  0.0010000000000000009,
  0.006300000000000008,
  0.0009000000000000008,
  0.0035,
  0.0,
  0.0,
  0.00020000000000000015,
  0.00020000000000000015,
  0.0,
  0.00020000000000000015,
  0.00020000000000000015,
  0.0004000000000000003,
  0.0,
  0.0,
  0.00020000000000000015,
  0.0,
  0.00020000000000000015,
  0.0016000000000000016,
  0.0,
  0.00020000000000000015,
  0.00030000000000000024,
  0.002800000000000001,
  0.002600000000000001,
  0.001800000000000002,
  0.00010000000000000007,
  0.0009000000000000008,
  0.00030000000000000024,
  0.0017000000000000016,
  0.0,
  0.0,
  0.0004000000000000003,
  0.00010000000000000007,
  0.0004000000000000003,
  0.0033000000000000004,
  0.0005000000000000003,
  0.001900000000000002,
  0.0013000000000000012,
  0.0032000000000000006,
  0.0020000000000000018,
  0.0022000000000000014,
  0.0004000000000000003,
  0.004300000000000001,
  0.0029000000000000007,
  0.011499999999999993,
  0.0,
  0.00020000000000000015,
  0.00030000000000000024,
  0.00010000000000000007,
  0.00010000000000000007,
  0.0006000000000000005,
  0.00010000000000000007,
  0.00020000000000000015,
