{
 "var": [
  0,
  1,
  2,
  3,
  4,
  5,
  6,
  7,
  8,
  9
 ],
 "card": [
  2,
  2,
  2,
  2,
  2,
  2,
  2,
  2,
  2,
  2
 ],
 "val": [
  0.0,
  0.00010000000000000002,
  0.0,
  0.0,
  0.0,
  0.00010000000000000003,
  0.0,
  0.0,
  0.0,
  0.0004,
  0.0003000000000000001,
  0.0005000000000000001,
  0.0,
  0.0003000000000000001,
  0.0,
  0.00020000000000000004,
  0.0,
  0.0,
  0.0,
  0.0001,
  0.0001,
  0.0006000000000000002,
  0.00010000000000000002,
  0.0004000000000000001,
  0.0003,
  0.0004999999999999999,
  0.0007000000000000002,
  0.0003,
  0.0002,
  0.0008000000000000001,
  0.0004,
  0.0020000000000000005,
  0.0,
  0.0,
  0.0,
  0.0,
  0.0,
  0.0003,
  0.0,
  0.0,
  0.0,
  0.00020000000000000004,
  0.0,
  0.0,
  0.0,
  0.0,
  0.0,
  0.0,
  0.0,
  0.0,
  0.0,
  0.0001,
  0.0,
  0.0008,
  0.0001,
  0.0004,
  0.00010000000000000002,
  0.0002,
  0.0,
  0.0,
  0.0,
  0.0,
  0.00010000000000000002,
  0.0002,
  0.00020000000000000004,
  0.0,
  0.0003,
  0.00020000000000000004,
  0.0001,
  0.0014000000000000004,
  0.0002,
  0.0005000000000000001,
  0.0007000000000000002,
  0.0012000000000000003,
  0.0007000000000000002,
  0.0008,
  0.0,
  0.0,
  0.0006999999999999999,
  0.0009,
  0.0001,
  0.00030000000000000003,
  0.0005,
  0.0004,
  0.0011000000000000003,
  0.0077,
  0.0012000000000000003,
  0.003899999999999999,
  0.0012000000000000003,
  0.0015000000000000005,
  0.0021000000000000003,
  0.0021999999999999997,
  0.00010000000000000002,
  0.002799999999999999,
  0.0018000000000000004,
  0.006800000000000004,
  0.0,
  0.0001,
  0.0005000000000000001,
  0.0006,
  0.0,
  0.0011000000000000003,
  0.0,
  0.0013000000000000004,
  0.00010000000000000002,
  0.0,
  0.0,
  0.0002,
  0.0,
  0.00010000000000000003,
  0.0,
  0.0,
  0.00010000000000000002,
  0.0002,
  0.0008000000000000003,
  0.0006000000000000002,
  0.0009000000000000002,
  0.009899999999999997,
  0.0009,
  0.0067,
  0.00010000000000000002,
  0.0004000000000000001,
  0.0002,
  0.00010000000000000002,
  9.999999999999999e-05,
  0.00010000000000000003,
  0.0,
  0.0006999999999999998,
  0.0001,
  0.0,
  0.0001,
  0.0,
  0.0,
  0.0002,
  0.0,
  0.0,
  0.00019999999999999998,
  0.0004000000000000001,
  0.00039999999999999996,
  0.00039999999999999996,
  0.0,
  0.0004,
  0.0,
  0.0005000000000000001,
  0.0,
  0.0,
  0.0,
  0.0,
  0.0002,
  0.0019000000000000004,
  0.0,
  0.0007000000000000002,
  0.0005000000000000001,
  0.0013000000000000004,
  0.0011,
  0.0013000000000000002,
  0.0,
  0.0018000000000000004,
  0.0007000000000000002,
  0.0048,
  9.999999999999999e-05,
  0.0,
  0.0,
  0.0,
  0.0001,
  0.0003,
  0.00019999999999999998,
  0.00019999999999999998,
  0.0001,
  0.00010000000000000002,
  0.0,
  0.0,
  0.0,
  0.0,
  0.0,
  0.0,
  0.0,
  0.0,
  0.0,
  0.0,
  0.0005000000000000001,
  0.0014000000000000004,
  0.00020000000000000006,
  0.0011000000000000003,
  0.0001,
  0.0,
  0.00020000000000000006,
  0.0,
  0.0,
  0.00040000000000000013,
  0.0,
  0.0003,
  0.0,
  0.0001,
  0.0003,
  0.0002,
  0.0,
  0.0015999999999999999,
  0.0,
  0.0005999999999999998,
  0.0008,
  0.0019,
  0.0009,
  0.001,
  0.0,
  0.0002,
  0.0002,
  0.0022999999999999995,
  0.0003,
  0.0002,
  0.0006999999999999999,
  0.0011,
  0.0011000000000000003,
  0.017299999999999992,
  0.0016,
  0.008799999999999999,
  0.0014000000000000004,
  0.0051,
  0.0032000000000000006,
  0.003799999999999999,
  0.0006000000000000002,
  0.005,
  0.0026,
  0.015799999999999995,
  0.0,
  0.00010000000000000002,
  0.0001,
  0.0002,
  0.00010000000000000002,
  0.002,
  0.0003,
  0.001,
  0.0,
  0.0,
  0.0001,
  0.0,
  0.0,
  9.999999999999999e-05,
  0.0,
  0.0,
  0.00010000000000000002,
  0.00020000000000000006,
  0.0011000000000000003,
  0.0012000000000000003,
  0.0016000000000000005,
  0.021700000000000007,
  0.002999999999999999,
  0.010600000000000004,
  0.00020000000000000004,
  0.0004,
  0.0002,
  0.00030000000000000003,
  0.00020000000000000004,
  0.0009,
  0.0007000000000000002,
  0.0009000000000000002,
  0.0,
  0.0,
  0.0,
  0.0,
  0.0,
  9.999999999999999e-05,
  0.0,
  0.0,
  0.0,
  0.00010000000000000003,
  0.00010000000000000002,
  0.00020000000000000004,
  0.0,
  9.999999999999999e-05,
  0.0,
  0.0,
  0.0,
  0.0001,
  0.0,
  0.0002,
  0.0006999999999999999,
  0.0028999999999999994,
  0.0001,
  0.0012000000000000003,
  0.0009000000000000002,
  0.0024,
  0.0024000000000000007,
  0.0022,
  0.0003,
  0.0030999999999999995,
  0.0020000000000000005,
  0.008299999999999997,
  0.0,
  0.0,
  0.0,
  0.0,
  0.0,
  0.00020000000000000004,
  0.0,
  0.0,
  0.0,
  0.0001,
  0.0,
  0.0,
  0.0,
  0.0,
  0.0,
  0.0,
  0.00020000000000000006,
  0.00030000000000000003,
  0.00010000000000000002,
  0.0005000000000000001,
  0.0003,
  0.0033000000000000004,
  0.0003,
  0.0011000000000000003,
  0.00020000000000000004,
  0.0,
  0.0,
  0.00030000000000000003,
  0.0,
  0.0005000000000000001,
  0.00020000000000000004,
  0.0010000000000000002,
  0.0,
  0.0,
  0.0,
  0.0,
  0.0,
  0.0,
  0.0,
  0.0,
  0.0,
  0.0,
  0.0,
  0.0,
  0.0,
  0.0,
  0.0,
  0.00010000000000000003,
  0.0,
  9.999999999999999e-05,
  0.00040000000000000013,
  0.0008000000000000001,
  0.0005,
  0.005600000000000002,
  0.0009000000000000003,
  0.0026,
  0.0008,
  0.0014000000000000004,
  0.0014000000000000002,
  0.0008,
  0.00019999999999999998,
  0.0021000000000000003,
  0.0011,
  0.004799999999999999,
  0.0,
  0.0,
  0.00010000000000000002,
  0.0001,
  0.00010000000000000002,
  0.0,
  0.0,
  0.0002,
  0.0,
  0.0,
  0.0,
  0.0,
  0.0,
  0.0,
  0.0,
  0.0,
  0.0,
  0.00020000000000000004,
  0.0005,
  0.0006999999999999999,
  0.0009000000000000002,
  0.0070000000000000045,
  0.0004000000000000001,
  0.0033000000000000004,
  0.0002,
  0.00019999999999999998,
  0.0,
  0.0001,
  0.0001,
  0.00010000000000000002,
  0.0001,
  0.0008,
  0.0,
  0.0,
  0.0,
  0.00010000000000000003,
  0.0,
  0.0012000000000000003,
  0.00010000000000000003,
  0.0006000000000000002,
  0.0004000000000000001,
  0.0021,
  0.0015999999999999999,
  0.0013000000000000004,
  0.00010000000000000003,
  0.0008000000000000001,
  0.0003,
  0.0022,
  0.0001,
  0.00010000000000000002,
  0.00020000000000000004,
  0.0003,
  0.0006,
  0.004400000000000001,
  0.0004999999999999999,
  0.0014000000000000002,
  0.0008,
  0.0042,
  0.0015000000000000005,
  0.002,
  0.0004,
  0.002999999999999999,
  0.002799999999999999,
  0.009999999999999997,
  0.00010000000000000002,
  0.0,
  0.0005000000000000001,
  0.0002,
  0.00019999999999999998,
  0.0013000000000000004,
  0.00010000000000000002,
  0.0004000000000000001,
  0.0,
  0.0,
  0.0,
  0.00020000000000000004,
  0.0,
  0.0,
  0.0,
  0.0004000000000000001,
  0.0,
  0.0001,
  0.0006,
  9.999999999999999e-05,
  0.00030000000000000003,
  0.004300000000000001,
  0.0002,
  0.002,
  0.0002,
  0.0005000000000000001,
  0.00010000000000000002,
  0.0003000000000000001,
  0.00010000000000000003,
  0.00030000000000000003,
  0.0003,
  0.001,
  0.0,
  0.0,
  0.00030000000000000003,
  0.00020000000000000004,
  0.00020000000000000006,
  0.0015000000000000007,
  0.0,
  0.0005000000000000001,
  0.0005000000000000001,
  0.0014000000000000004,
  0.0006,
  0.0013000000000000004,
  0.0,
  0.00020000000000000004,
  0.0004,
  0.0016,
  0.0,
  0.00030000000000000003,
  0.0002,
  0.0003,
  0.0007000000000000002,
  0.007100000000000001,
  0.0007000000000000002,
  0.0036999999999999993,
  0.00010000000000000002,
  0.0015000000000000005,
  0.0011,
  0.0017000000000000003,
  0.0,
  0.0016000000000000005,
  0.0014000000000000004,
  0.006200000000000001,
  0.0,
  0.0005,
  0.0008000000000000001,
  0.0004000000000000001,
  0.0,
  0.0015000000000000005,
  0.0,
  0.0005,
  0.00010000000000000002,
  0.0003,
  0.00010000000000000002,
  0.0001,
  0.0,
  0.0,
  0.00010000000000000002,
  0.0,
  0.0001,
  0.00019999999999999998,
  0.0005,
  0.0009,
  0.0010000000000000002,
  0.007299999999999999,
  0.0008,
  0.004,
  0.0,
  0.0001,
  0.0004,
  0.0002,
  0.0,
  0.0,
  0.0003,
  0.0010000000000000002,
  0.0,
  0.0,
  0.0002,
  0.0,
  0.0,
