{
 "var": [
  0,
  1,
  3,
  4,
  6,
  7,
  8,
  9
 ],
 "card": [
  2,
  2,
  2,
  2,
  2,
  2,
  2,
  2
 ],
 "val": [
  0.0,
  0.00032671488186286884,
  0.00020419680116429308,
  0.00016335744093143442,
  0.0,
  5.9402705793248896e-05,
  5.5690036681170834e-05,
  0.00014850676448312228,
  0.00020419680116429305,
  0.003920578582354425,
  0.0007146888040750254,
  0.0013068595274514751,
  5.5690036681170813e-05,
  0.00017820811737974664,
  0.0001856334556039028,
  0.0007722351753122358,
  0.00040839360232858616,
  0.005554152991668773,
  0.0007146888040750257,
  0.004410650905148732,
  0.0,
  0.00014850676448312225,
  9.281672780195137e-05,
  0.0005643257050358646,
  0.003062952017464396,
  0.034305062595601225,
  0.004083936023285862,
  0.01600902921128057,
  0.00011138007336234168,
  0.0008910405868987329,
  0.000538337021251318,
  0.0025246149962130774,
  0.0,
  0.0004900723227943033,
  0.0,
  0.00032671488186286884,
  0.0,
  8.910405868987335e-05,
  1.8563345560390278e-05,
  0.00014850676448312225,
  0.0008167872046571722,
  0.0060442253144630765,
  0.00040839360232858616,
  0.003920578582354427,
  5.569003668117084e-05,
  0.0004455202934493667,
  0.0004826469845701472,
  0.0016929771151075936,
  0.0005104920029107327,
  0.006861012519120248,
  0.0008167872046571722,
  0.004083936023285863,
  1.8563345560390275e-05,
  0.00023761082317299553,
  3.7126691120780556e-05,
  0.00032671488186286895,
  0.008065773645989574,
  0.07579785259218558,
  0.008372068847736015,
  0.040512645350995746,
  0.00014850676448312222,
  0.0023167055259367053,
  0.0013736875714688809,
  0.005554152991668771,
  0.00010209840058214654,
  0.0,
  0.0,
  0.0,
  0.0,
  0.0,
  1.8563345560390275e-05,
  0.0,
  0.0007146888040750257,
  0.013885382479171928,
  0.0016335744093143444,
  0.0062075827553945105,
  5.569003668117083e-05,
  0.001366262233244725,
  0.0005569003668117083,
  0.003920578582354427,
  0.00010209840058214654,
  0.00016335744093143445,
  0.0,
  0.0004900723227943034,
  0.0,
  2.970135289662444e-05,
  0.0,
  2.9701352896624458e-05,
  0.003062952017464396,
  0.024666973580646602,
  0.0032671488186286892,
  0.013231952715446188,
  3.7126691120780556e-05,
  0.0003861175876561177,
  0.00033414022008702507,
  0.002287004173040082,
  0.00020419680116429305,
  0.0035938637004915576,
  0.00020419680116429308,
  0.0013068595274514756,
  1.8563345560390278e-05,
  0.00032671488186286895,
  0.00016707011004351248,
  0.0009504432926919824,
  0.0017356728098964905,
  0.015845671770349137,
  0.0016335744093143444,
  0.0062075827553945105,
  0.00012994341892273197,
  0.001277158174554851,
  0.0010581106969422454,
  0.004514605640286917,
  0.00020419680116429308,
  0.007024369960051682,
  0.0009188856052393188,
  0.0031037913776972544,
  0.0,
  0.00011880541158649777,
  9.28167278019514e-05,
  0.0005940270579324893,
  0.003981837622703714,
  0.03430506259560122,
  0.003471345619792982,
  0.014865527124760532,
  7.425338224156111e-05,
  0.0006534297637257373,
  0.0005197736756909278,
  0.003059239348352317,
  0.00010209840058214653,
  0.001143502086520041,
  0.00010209840058214654,
  0.0006534297637257377,
  1.8563345560390275e-05,
  0.00020790947027637114,
  0.00012994341892273197,
  0.00047522164634599133,
  0.00234826321338937,
  0.016172386652212,
  0.001837771210478637,
  0.007677799723777414,
  0.00012994341892273188,
  0.001217755468761602,
  0.0010952373880630266,
  0.0036235650533881824,
  0.00010209840058214653,
  0.0008167872046571723,
  0.00010209840058214653,
  0.00016335744093143447,
  0.0,
  0.0,
  0.0,
  5.9402705793248896e-05,
  0.0003062952017464396,
  0.003430506259560123,
  0.0003062952017464396,
  0.003103791377697254,
  0.0,
  0.00011880541158649777,
  0.0,
  0.00038611758765611784,
  0.00020419680116429305,
  0.003103791377697254,
  0.0005104920029107327,
  0.0009801446455886065,
  1.8563345560390275e-05,
  0.00026731217606962006,
  9.28167278019514e-05,
  0.0006534297637257382,
  0.003675542420957275,
  0.03381499027280692,
  0.003573444020375129,
  0.012251808069857584,
  0.00012994341892273197,
  0.0026731217606962,
  0.0018377712104786375,
  0.008286677458158219,
  0.00010209840058214653,
  0.0004900723227943034,
  0.0001020984005821465,
  0.0,
  0.0,
  0.0,
  1.8563345560390275e-05,
  2.970135289662445e-05,
  0.0003062952017464396,
  0.00882130181029746,
  0.0007146888040750259,
  0.003757221141422991,
  1.8563345560390275e-05,
  0.00023761082317299553,
  0.00012994341892273197,
  0.0005049229992426157,
  0.0,
  0.0,
  0.0,
  0.0003267148818628689,
  0.0,
  8.910405868987335e-05,
  0.0,
  2.970135289662445e-05,
  0.0021440664122250766,
  0.026627262871823813,
  0.003062952017464396,
  0.013231952715446188,
  0.00018563345560390274,
  0.0021681987614535847,
  0.0015221943359520031,
  0.006801609813326998,
  0.00010209840058214653,
  0.0003267148818628689,
  0.0,
  0.00016335744093143445,
  0.0,
  8.910405868987332e-05,
  1.8563345560390275e-05,
  2.9701352896624458e-05,
  0.007146888040750254,
  0.06436283172698516,
  0.007453183242496698,
  0.03299820306814975,
  0.0001856334556039028,
  0.0018414838795907157,
  0.0012251808069857586,
  0.005078931345322781,
  0.0003062952017464396,
  0.008167872046571722,
  0.0009188856052393189,
  0.002287004173040082,
  9.281672780195141e-05,
  0.0005643257050358646,
  0.0004269569478889764,
  0.0017226784680042181,
  0.002858755216300102,
  0.027934122399275285,
  0.0031650504180465427,
  0.015192242006623403,
  0.00040839360232858616,
  0.0029701352896624443,
  0.0019677146294013697,
  0.009118315339263706,
  0.0013272792075679051,
  0.016662458975006306,
  0.001327279207567905,
  0.007677799723777422,
  3.7126691120780556e-05,
  0.0003564162347594933,
  0.00024132349228507365,
  0.0016335744093143453,
  0.006840592839003815,
  0.07971843117454,
  0.008167872046571724,
  0.036918781650504176,
  0.0001670701100435125,
  0.0020196919969704616,
  0.0014293776081500517,
  0.0066234016959472505
 ]
}