{
 "var": [
  0,
  1,
  3,
  4,
  6,
  7,
  8,
  9
 ],
 "card": [
  2,
  2,
  2,
  2,
  2,
  2,
  2,
  2
 ],
 "val": [
  0.00010002728016731836,
  0.0006401745930708373,
  0.0,
  0.00016004364826770933,
  3.637355642447941e-05,
  0.0,
  1.8186778212239704e-05,
  0.00023279076111666828,
  0.00020005456033463673,
  0.0038410475584250247,
  0.0005001364008365918,
  0.0024006547240156403,
  0.0,
  0.00026188960625625176,
  0.0001818677821223971,
  0.0009020641993270889,
  0.0006001636810039101,
  0.007522051468582351,
  0.0005001364008365918,
  0.0028807856688187693,
  0.0,
  8.729653541875058e-05,
  0.00010912066927343822,
  0.0004364826770937528,
  0.003200872965354189,
  0.03889060652905329,
  0.004001091206692738,
  0.01808493225425112,
  9.093389106119852e-05,
  0.0009311630444666724,
  0.0005274165681549515,
  0.002677093752841688,
  0.00010002728016731839,
  0.0008002182413385468,
  0.00010002728016731839,
  0.00048013094480312804,
  1.8186778212239704e-05,
  5.8197690279167056e-05,
  1.8186778212239704e-05,
  0.00017459307083750122,
  0.0007001909611712284,
  0.009442575247794838,
  0.0008002182413385467,
  0.0028807856688187685,
  9.093389106119852e-05,
  0.0003782849868145858,
  0.0002182413385468763,
  0.0021242156951895973,
  0.000500136400836592,
  0.007522051468582351,
  0.00120032736200782,
  0.003520960261889607,
  1.8186778212239704e-05,
  0.00026188960625625176,
  9.093389106119852e-05,
  0.0004364826770937528,
  0.006501773210875689,
  0.07730108211330408,
  0.009302537055560608,
  0.04353187232881685,
  0.00023642811675911605,
  0.00206601800491043,
  0.0014367554787669374,
  0.005645175957079202,
  0.0,
  0.00016004364826770936,
  0.00010002728016731839,
  0.00016004364826770936,
  0.0,
  0.0,
  0.0,
  2.9098845139583538e-05,
  0.0018004910430117298,
  0.0123233609166136,
  0.0013003546421751382,
  0.005281440392834406,
  0.00010912066927343817,
  0.001367645721560425,
  0.0006183504592161497,
  0.003142675275075028,
  0.0,
  0.0001600436482677094,
  0.0,
  0.0,
  1.81867782122397e-05,
  0.0,
  0.0,
  0.0,
  0.0024006547240156407,
  0.026727289260707405,
  0.0023006274438483226,
  0.012643448213149017,
  0.00010912066927343821,
  0.0007565699736291712,
  0.0004546694553059928,
  0.001804128398654178,
  0.00020005456033463673,
  0.0032008729653541877,
  0.0007001909611712284,
  0.0016004364826770938,
  0.0,
  0.00023279076111666822,
  0.00016368100391015735,
  0.0009602618896062563,
  0.0015004092025097749,
  0.011843229971810473,
  0.0016004364826770932,
  0.008162226061653167,
  0.00010912066927343822,
  0.0010766572701645899,
  0.0008365917977630258,
  0.003811948713285453,
  0.0003000818405019551,
  0.005441484041102123,
  0.00040010912066927346,
  0.0038410475584250256,
  1.8186778212239704e-05,
  0.0001163953805583341,
  5.45603346367191e-05,
  0.0004073838319541696,
  0.003600982086023463,
  0.0337692097844866,
  0.003000818405019552,
  0.016164408475038614,
  3.637355642447941e-05,
  0.0005819769027916702,
  0.0006365372374283895,
  0.002560698372283353,
  0.00020005456033463673,
  0.0020805674274802215,
  0.00030008184050195515,
  0.0011203055378739655,
  1.8186778212239704e-05,
  0.00017459307083750116,
  0.00023642811675911622,
  0.0005528780576520872,
  0.0011003000818405016,
  0.012643448213149017,
  0.0015004092025097749,
  0.006241702282440659,
  0.00014549422569791755,
  0.0011639538055833404,
  0.0007820314631263068,
  0.0033754660361916974,
  0.0,
  0.0003200872965354188,
  0.00010002728016731836,
  0.0001600436482677094,
  0.0,
  0.0,
  0.0,
  0.00011639538055833411,
  0.00040010912066927346,
  0.003520960261889606,
  0.00030008184050195515,
  0.0016004364826770936,
  0.0,
  8.729653541875055e-05,
  0.00010912066927343822,
  0.00029098845139583526,
  0.00020005456033463678,
  0.0020805674274802215,
  0.00030008184050195515,
  0.0014403928344093842,
  0.0,
  0.00017459307083750116,
  0.00010912066927343822,
  0.0005819769027916707,
  0.0029007911248522334,
  0.030088205874329293,
  0.0037010093661907816,
  0.013923797399290689,
  0.00036373556424479424,
  0.0022988087660270997,
  0.0018732381558606917,
  0.007623897426570866,
  0.0,
  0.0003200872965354188,
  0.0,
  0.0,
  0.0,
  2.9098845139583525e-05,
  1.8186778212239704e-05,
  2.9098845139583535e-05,
  0.000900245521505865,
  0.00768209511685004,
  0.0010002728016731833,
  0.00464126579976357,
  3.6373556424479394e-05,
  0.00026188960625625176,
  9.093389106119852e-05,
  0.0007856688187687553,
  0.00010002728016731836,
  0.0003200872965354187,
  0.0,
  0.00016004364826770936,
  0.0,
  0.0,
  1.8186778212239704e-05,
  5.819769027916707e-05,
  0.0024006547240156407,
  0.029928162226061584,
  0.0029007911248522334,
  0.010402837137401092,
  0.000236428116759116,
  0.002269709920887516,
  0.0013458215877057385,
  0.006721833227243784,
  0.00010002728016731839,
  0.0006401745930708376,
  0.0,
  0.0001600436482677094,
  1.81867782122397e-05,
  0.0,
  0.0,
  2.9098845139583535e-05,
  0.006701827771210325,
  0.06849868145857971,
  0.00750204601254887,
  0.03456942802582515,
  0.00010912066927343821,
  0.001367645721560425,
  0.0011093934709466215,
  0.004801309448031287,
  0.0006001636810039104,
  0.004321178503228152,
  0.0008002182413385467,
  0.0032008729653541877,
  3.637355642447941e-05,
  0.0005819769027916703,
  0.0002182413385468765,
  0.0015713376375375099,
  0.004001091206692737,
  0.031208511412203255,
  0.003701009366190782,
  0.016004364826770905,
  0.00032736200782031464,
  0.002880785668818774,
  0.0018368645994362124,
  0.009020641993270864,
  0.0016004364826770932,
  0.014724015640629255,
  0.0015004092025097749,
  0.00928253159952715,
  1.8186778212239704e-05,
  0.00026188960625625176,
  0.00032736200782031464,
  0.0009602618896062563,
  0.006201691370373735,
  0.07570064563062692,
  0.007101936891879598,
  0.039210693825588706,
  0.00023642811675911622,
  0.0021824133854687648,
  0.0012367009184323,
  0.005907065563335452
 ]
}