{
 "var": [
  0,
  1,
  3,
  4,
  6,
  7,
  8,
  9
 ],
 "card": [
  2,
  2,
  2,
  2,
  2,
  2,
  2,
  2
 ],
 "val": [
  0.00010213366511299683,
  0.0004902415925423846,
  0.0,
  0.0004902415925423846,
  0.0,
  2.9711611669235438e-05,
  1.856975729327215e-05,
  8.913483500770638e-05,
  0.00020426733022599366,
  0.0027780356910735143,
  0.0004085346604519872,
  0.001470724777627154,
  1.8569757293272143e-05,
  0.0005050973983770023,
  0.00024140684481253807,
  0.0011884644667694176,
  0.0011234703162429653,
  0.004575588197062258,
  0.0006128019906779808,
  0.0021243802343503338,
  0.0,
  0.0001782696700154127,
  0.00012998830105290506,
  0.00047538578670776685,
  0.0032682772836159,
  0.03676811944067885,
  0.003676811944067888,
  0.015360903232994745,
  7.42790291730886e-05,
  0.0009804831850847699,
  0.0006128019906779811,
  0.0022580824868618935,
  0.00010213366511299684,
  0.0009804831850847694,
  0.0,
  0.0004902415925423847,
  1.856975729327215e-05,
  2.9711611669235445e-05,
  7.42790291730886e-05,
  0.00020798128168464814,
  0.0006128019906779808,
  0.007843865480678152,
  0.000612801990677981,
  0.0035951050119774897,
  3.71395145865443e-05,
  0.0005645206217154733,
  0.0003156858739856264,
  0.0018124083118233605,
  0.0003064009953389905,
  0.0066999684314125885,
  0.000612801990677981,
  0.0026146218268927194,
  1.856975729327215e-05,
  0.00023769289335388345,
  0.00012998830105290512,
  0.0005942322333847089,
  0.007353623888135765,
  0.07729475775751656,
  0.007966425878813745,
  0.03693153330485965,
  0.00012998830105290506,
  0.002168947651854186,
  0.001058476165716513,
  0.006269150062208664,
  0.0,
  0.0,
  0.00010213366511299684,
  0.0,
  0.0,
  2.9711611669235438e-05,
  0.0,
  0.0,
  0.001429871311581955,
  0.011112142764294062,
  0.0017362723069209453,
  0.005719485246327821,
  0.00018569757293272141,
  0.0012775993017771236,
  0.0008542088354905194,
  0.003297988895285139,
  0.0,
  0.0,
  0.00010213366511299683,
  0.0,
  0.0,
  0.0,
  0.0,
  0.0,
  0.0020426733022599363,
  0.026146218268927136,
  0.0037789456091808847,
  0.014217006183729177,
  0.0,
  0.0007130786800616507,
  0.00044567417503853154,
  0.002198659263523422,
  0.00020426733022599366,
  0.002451207962711924,
  0.0003064009953389905,
  0.001470724777627154,
  3.71395145865443e-05,
  0.00017826967001541261,
  0.0002785463593990823,
  0.0007725019034001223,
  0.0017362723069209453,
  0.017321869603164272,
  0.0018384059720339427,
  0.00833410707322054,
  0.0001114185437596329,
  0.0010993296317617113,
  0.0009470576219568804,
  0.004278472080369908,
  0.000612801990677981,
  0.007353623888135767,
  0.0011234703162429653,
  0.0031048634194351045,
  0.0,
  0.00032682772836158976,
  0.00011141854375963288,
  0.000475385786707767,
  0.00224694063248593,
  0.03480715307050928,
  0.0039832129394068785,
  0.01519748936881395,
  0.0001114185437596329,
  0.000802213515069357,
  0.0006313717479712532,
  0.0022580824868618935,
  0.0003064009953389905,
  0.0017975525059887435,
  0.0003064009953389905,
  0.0006536554567231795,
  1.856975729327215e-05,
  0.00017826967001541261,
  0.00012998830105290506,
  0.0007130786800616513,
  0.0008170693209039747,
  0.013890178455367587,
  0.001429871311581955,
  0.005229243653785437,
  9.284878646636072e-05,
  0.0013667341367848296,
  0.0007613600490241586,
  0.004040779187016027,
  0.0,
  0.0008170693209039747,
  0.0,
  0.0003268277283615899,
  0.0,
  0.0,
  0.0,
  8.913483500770633e-05,
  0.0004085346604519873,
  0.004248760468700668,
  0.00040853466045198737,
  0.002287794098531129,
  1.856975729327215e-05,
  0.00011884644667694174,
  7.42790291730886e-05,
  0.00011884644667694178,
  0.0,
  0.0017975525059887437,
  0.0006128019906779811,
  0.0009804831850847694,
  1.856975729327215e-05,
  0.0001782696700154127,
  0.00016712781563944936,
  0.0008319251267385928,
  0.0027576089580509146,
  0.0245120796271192,
  0.0037789456091808847,
  0.01487066164045236,
  0.0002785463593990823,
  0.0023175057102003643,
  0.001782696700154124,
  0.007309056470631894,
  0.0,
  0.0009804831850847697,
  0.00010213366511299683,
  0.0003268277283615899,
  0.0,
  2.9711611669235438e-05,
  0.0,
  2.9711611669235448e-05,
  0.0005106683255649842,
  0.007353623888135767,
  0.0009192029860169717,
  0.004739002061243053,
  1.8569757293272143e-05,
  0.00017826967001541261,
  5.5709271879816456e-05,
  0.0005942322333847089,
  0.0,
  0.0001634138641807949,
  0.0,
  0.0,
  0.0,
  0.0,
  7.42790291730886e-05,
  8.913483500770635e-05,
  0.0021448069673729326,
  0.027453529182373485,
  0.0038810792742938814,
  0.013726764591186786,
  0.00025997660210581,
  0.0021392360401849505,
  0.001559859612634859,
  0.007814153869008892,
  0.0,
  0.0004902415925423848,
  0.00010213366511299683,
  0.0,
  0.0,
  2.9711611669235445e-05,
  0.0,
  2.9711611669235448e-05,
  0.006842955562570782,
  0.06405823475887198,
  0.00571948524632782,
  0.03807543035412522,
  0.00024140684481253785,
  0.0019015431468310663,
  0.0011698947094761457,
  0.006061168780524017,
  0.00040853466045198737,
  0.005065829789604642,
  0.0009192029860169717,
  0.0027780356910735143,
  1.8569757293272153e-05,
  0.000534809010046238,
  0.000371395145865443,
  0.001931254758500302,
  0.0030640099533899056,
  0.03399008374960529,
  0.004187480269632871,
  0.016504800282260305,
  0.0004271044177452592,
  0.0025254869918850138,
  0.001726987428274308,
  0.00879463705409368,
  0.001225603981355962,
  0.013890178455367589,
  0.0020426733022599363,
  0.007026796159774179,
  3.7139514586544306e-05,
  0.00029711611669235445,
  0.0003342556312788985,
  0.0013964457484540653,
  0.007966425878813745,
  0.08285082913966367,
  0.008579227869491723,
  0.04036322445265639,
  0.00027854635939908234,
  0.0019015431468310663,
  0.001504150340755043,
  0.0065068429555625446
 ]
}