{
 "var": [
  0,
  1,
  2
 ],
 "card": [
  3,
  2,
  2
 ],
 "val": [
  0.1252,
  0.1632,
  0.1284,
  0.009099999999999999,
  0.044000000000000004,
  0.1262,
  0.24969999999999998,
  0.024800000000000003,
  0.0043,
  0.0633,
  0.0374,
  0.024399999999999998
 ]
}