{
 "var": [
  0,
  1,
  2
 ],
 "card": [
  3,
  2,
  2
 ],
 "val": [
  0.12440000000000336,
  0.16899999999999882,
  0.13480000000000236,
  0.0077000000000000575,
  0.043900000000000515,
  0.12200000000000327,
  0.2530999999999901,
  0.024300000000000068,
  0.004800000000000031,
  0.059800000000001075,
  0.0348000000000002,
  0.021400000000000065
 ]
}