{
 "var": [
  0,
  1,
  2
 ],
 "card": [
  3,
  2,
  2
 ],
 "val": [
  0.12270000000000318,
  0.1695999999999986,
  0.12380000000000323,
  0.009100000000000052,
  0.04930000000000066,
  0.12290000000000319,
  0.2529999999999899,
  0.026200000000000046,
  0.006100000000000038,
  0.05810000000000096,
  0.03340000000000012,
  0.025800000000000045
 ]
}