{
 "var": [
  0,
  1,
  2
 ],
 "card": [
  3,
  2,
  2
 ],
 "val": [
  0.12599999999999997,
  0.16799999999999998,
  0.12599999999999997,
  0.008999999999999998,
  0.04499999999999999,
  0.12599999999999997,
  0.25199999999999995,
  0.022399999999999996,
  0.005599999999999999,
  0.059999999999999984,
  0.03599999999999999,
  0.023999999999999994
 ]
}